<?xml version="1.0" encoding="UTF-8"?>
<metadata xml:lang="es"><Esri><CreaDate>20250711</CreaDate><CreaTime>10571800</CreaTime><ArcGISFormat>1.0</ArcGISFormat><SyncOnce>TRUE</SyncOnce><DataProperties><lineage><Process ToolSource="c:\program files (x86)\arcgis\desktop10.6\ArcToolbox\Toolboxes\Data Management Tools.tbx\CalculateField" Date="20220920" Time="161916">CalculateField DEPARTAMENTO RI2 [RI] VB #</Process><Process ToolSource="c:\program files\arcgis\pro\Resources\ArcToolbox\toolboxes\Data Management Tools.tbx\Project" Date="20250711" Time="105718">Project DEPARTAMENTO C:\Users\lmigu\Downloads\Departamentos\Depto PROJCS["MAGNA-SIRGAS_2018_Origen-Nacional",GEOGCS["MAGNA-SIRGAS_2018",DATUM["Marco_Geocentrico_Nacional_de_Referencia_2018",SPHEROID["GRS_1980",6378137.0,298.257222101]],PRIMEM["Greenwich",0.0],UNIT["Degree",0.0174532925199433]],PROJECTION["Transverse_Mercator"],PARAMETER["False_Easting",5000000.0],PARAMETER["False_Northing",2000000.0],PARAMETER["Central_Meridian",-73.0],PARAMETER["Scale_Factor",0.9992],PARAMETER["Latitude_Of_Origin",4.0],UNIT["Meter",1.0]] 'MAGNA_To_WGS_1984_1 + MAGNA-SIRGAS_2018_to_WGS_1984_1' GEOGCS["GCS_MAGNA",DATUM["D_MAGNA",SPHEROID["GRS_1980",6378137.0,298.257222101]],PRIMEM["Greenwich",0.0],UNIT["Degree",0.0174532925199433]] NO_PRESERVE_SHAPE # NO_VERTICAL</Process></lineage></DataProperties></Esri></metadata>
